id,paciente_id,especialidade_id,data_hora,compareceu
1,67,3,2026-05-26 10:00,Sim
2,31,3,2026-05-26 09:00,Sim
3,59,3,2026-04-29 07:00,Sim
4,13,1,2026-05-05 10:00,Sim
5,45,1,2026-04-07 15:00,Sim
6,70,6,2026-05-26 07:00,Sim
7,39,6,2026-04-04 09:00,Sim
8,14,6,2026-04-05 09:00,Sim
9,27,6,2026-05-28 10:00,Sim
10,34,5,2026-03-08 14:00,Nao
11,55,3,2026-04-13 07:00,Sim
12,34,2,2026-05-12 16:00,Nao
13,10,6,2026-04-18 07:00,Sim
14,19,4,2026-04-10 07:00,Sim
15,6,3,2026-05-26 10:00,Sim
16,53,5,2026-03-22 10:00,Sim
17,23,4,2026-04-13 09:00,Sim
18,53,6,2026-03-22 14:00,Sim
19,14,4,2026-03-30 17:00,Sim
20,59,3,2026-03-30 10:00,Nao
21,25,4,2026-03-10 14:00,Sim
22,36,3,2026-05-27 16:00,Sim
23,69,3,2026-04-04 08:00,Sim
24,34,1,2026-04-15 16:00,Sim
25,41,4,2026-04-20 08:00,Sim
26,25,3,2026-03-02 16:00,Sim
27,69,6,2026-04-26 15:00,Nao
28,43,5,2026-04-09 08:00,Sim
29,53,3,2026-05-11 14:00,Sim
30,54,6,2026-05-19 09:00,Sim
31,52,5,2026-04-07 14:00,Sim
32,42,4,2026-05-27 17:00,Sim
33,61,6,2026-04-07 08:00,Sim
34,43,1,2026-03-30 14:00,Sim
35,19,1,2026-05-01 10:00,Sim
36,10,4,2026-05-30 10:00,Sim
37,52,2,2026-03-15 07:00,Sim
38,29,2,2026-03-08 17:00,Sim
39,16,4,2026-05-26 17:00,Sim
40,41,4,2026-05-11 16:00,Sim
41,21,6,2026-04-04 17:00,Sim
42,36,5,2026-04-06 10:00,Sim
43,37,2,2026-04-11 15:00,Sim
44,11,2,2026-04-20 10:00,Sim
45,28,1,2026-04-13 16:00,Sim
46,54,1,2026-04-20 16:00,Sim
47,3,5,2026-03-02 17:00,Sim
48,39,4,2026-05-03 10:00,Sim
49,56,4,2026-04-14 16:00,Sim
50,52,6,2026-03-18 17:00,Sim
51,69,1,2026-03-12 07:00,Sim
52,18,4,2026-04-04 07:00,Sim
53,28,4,2026-04-19 15:00,Sim
54,54,3,2026-03-04 17:00,Sim
55,7,3,2026-05-24 08:00,Nao
56,4,2,2026-05-20 07:00,Nao
57,17,4,2026-04-30 10:00,Sim
58,48,2,2026-03-22 08:00,Sim
59,14,5,2026-05-14 14:00,Sim
60,49,4,2026-05-16 08:00,Sim
61,32,1,2026-05-13 08:00,Sim
62,45,5,2026-03-10 15:00,Sim
63,44,1,2026-03-15 17:00,Sim
64,47,6,2026-04-26 09:00,Sim
65,67,6,2026-04-30 17:00,Sim
66,35,3,2026-04-06 08:00,Sim
67,32,4,2026-04-14 16:00,Nao
68,42,2,2026-04-16 10:00,Sim
69,44,3,2026-05-12 14:00,Nao
70,25,1,2026-05-03 16:00,Sim
71,31,6,2026-04-28 17:00,Sim
72,12,3,2026-05-29 16:00,Sim
73,48,4,2026-04-25 15:00,Sim
74,43,3,2026-04-10 14:00,Sim
75,16,6,2026-03-17 15:00,Sim
76,24,2,2026-04-06 17:00,Sim
77,68,5,2026-03-26 08:00,Sim
78,47,2,2026-05-31 07:00,Sim
79,36,1,2026-05-30 14:00,Sim
80,63,1,2026-05-01 14:00,Sim
81,44,2,2026-05-02 14:00,Sim
82,9,4,2026-05-14 08:00,Sim
83,7,2,2026-03-12 14:00,Sim
84,16,5,2026-05-07 10:00,Sim
85,57,3,2026-04-10 16:00,Sim
86,8,5,2026-05-21 10:00,Sim
87,11,2,2026-05-11 09:00,Nao
88,1,4,2026-04-08 17:00,Nao
89,37,6,2026-03-11 17:00,Sim
90,34,6,2026-04-25 10:00,Sim
91,29,6,2026-03-20 14:00,Nao
92,22,3,2026-04-27 14:00,Sim
93,39,6,2026-05-05 14:00,Sim
94,57,1,2026-04-26 07:00,Sim
95,33,1,2026-05-27 10:00,Sim
96,3,6,2026-03-24 07:00,Sim
97,57,3,2026-05-22 16:00,Sim
98,12,4,2026-04-13 16:00,Sim
99,14,2,2026-05-29 16:00,Sim
100,52,5,2026-03-13 17:00,Sim
101,42,1,2026-05-25 07:00,Sim
102,60,4,2026-05-07 10:00,Sim
103,64,6,2026-03-28 07:00,Sim
104,17,3,2026-03-17 17:00,Nao
105,31,6,2026-05-11 14:00,Nao
106,53,1,2026-04-30 08:00,Sim
107,20,4,2026-04-24 14:00,Sim
108,61,2,2026-04-20 09:00,Sim
109,66,6,2026-04-06 08:00,Sim
110,54,3,2026-03-02 14:00,Sim
111,39,5,2026-03-21 17:00,Sim
112,62,3,2026-04-29 16:00,Sim
113,25,6,2026-03-31 16:00,Sim
114,53,1,2026-05-31 17:00,Sim
115,49,4,2026-03-06 17:00,Sim
116,43,1,2026-05-08 08:00,Sim
117,2,6,2026-05-24 16:00,Sim
118,10,4,2026-05-20 15:00,Sim
119,11,3,2026-04-11 16:00,Sim
120,63,5,2026-04-01 08:00,Sim
121,37,2,2026-03-14 16:00,Sim
122,13,4,2026-03-05 14:00,Nao
123,8,3,2026-04-26 15:00,Sim
124,68,4,2026-03-23 09:00,Sim
125,49,5,2026-05-15 17:00,Sim
126,60,6,2026-04-03 17:00,Sim
127,60,3,2026-03-11 09:00,Sim
128,45,5,2026-05-29 16:00,Sim
129,39,2,2026-03-15 17:00,Sim
130,46,5,2026-03-04 14:00,Sim
131,51,3,2026-05-18 07:00,Sim
132,37,2,2026-03-30 15:00,Sim
133,33,6,2026-05-21 08:00,Sim
134,40,4,2026-03-18 15:00,Nao
135,38,3,2026-03-27 09:00,Sim
136,70,3,2026-03-23 14:00,Sim
137,62,3,2026-04-30 08:00,Sim
138,19,2,2026-03-13 15:00,Sim
139,2,3,2026-04-29 08:00,Sim
140,34,5,2026-03-15 15:00,Sim
141,61,1,2026-05-19 15:00,Sim
142,9,6,2026-05-24 14:00,Sim
143,18,1,2026-05-04 14:00,Sim
144,31,5,2026-04-29 16:00,Sim
145,70,4,2026-04-24 09:00,Sim
146,63,5,2026-03-06 14:00,Sim
147,28,4,2026-04-17 10:00,Nao
148,48,5,2026-04-21 07:00,Sim
149,16,4,2026-05-23 10:00,Sim
150,3,1,2026-03-18 10:00,Sim
151,27,1,2026-05-16 10:00,Sim
152,30,3,2026-04-06 07:00,Sim
153,19,2,2026-03-24 14:00,Sim
154,4,2,2026-04-01 15:00,Sim
155,3,2,2026-03-18 07:00,Sim
156,68,1,2026-04-28 17:00,Sim
157,66,5,2026-05-05 17:00,Sim
158,6,6,2026-04-29 14:00,Sim
159,4,1,2026-04-25 16:00,Sim
160,63,6,2026-03-12 08:00,Sim
161,19,1,2026-05-20 14:00,Sim
162,42,4,2026-04-29 14:00,Sim
163,56,1,2026-04-26 10:00,Sim
164,30,4,2026-04-22 17:00,Sim
165,13,3,2026-05-26 15:00,Sim
166,20,6,2026-03-13 08:00,Sim
167,12,4,2026-03-18 15:00,Sim
168,43,6,2026-04-16 16:00,Sim
169,55,6,2026-05-17 14:00,Sim
170,14,5,2026-03-21 10:00,Sim
171,29,1,2026-03-16 15:00,Sim
172,29,4,2026-05-18 07:00,Sim
173,35,1,2026-05-30 14:00,Sim
174,44,3,2026-03-20 09:00,Sim
175,52,1,2026-03-13 07:00,Sim
176,28,4,2026-04-14 17:00,Sim
177,40,6,2026-03-08 08:00,Sim
178,7,6,2026-04-27 14:00,Sim
179,63,5,2026-04-05 16:00,Sim
180,66,1,2026-03-16 16:00,Sim
181,63,5,2026-03-30 07:00,Sim
182,8,1,2026-03-29 14:00,Sim
183,33,3,2026-03-02 08:00,Sim
184,56,2,2026-05-09 16:00,Sim
185,65,5,2026-04-21 08:00,Sim
186,6,4,2026-03-11 17:00,Sim
187,55,5,2026-04-08 16:00,Sim
188,3,3,2026-05-29 17:00,Sim
189,12,4,2026-04-26 10:00,Sim
190,68,1,2026-04-14 14:00,Sim
191,22,1,2026-05-08 08:00,Sim
192,45,3,2026-03-15 10:00,Sim
193,26,2,2026-05-24 09:00,Nao
194,64,4,2026-05-28 17:00,Sim
195,42,6,2026-04-27 09:00,Nao
196,57,6,2026-05-16 14:00,Nao
197,65,1,2026-04-28 17:00,Nao
198,48,3,2026-05-19 08:00,Sim
199,50,4,2026-04-28 07:00,Sim
200,25,3,2026-05-05 17:00,Sim
201,8,4,2026-03-12 15:00,Sim
202,23,1,2026-04-27 17:00,Sim
203,21,3,2026-04-20 14:00,Sim
204,44,6,2026-05-21 07:00,Sim
205,9,3,2026-04-07 16:00,Sim
206,20,3,2026-04-15 09:00,Sim
207,51,2,2026-04-10 08:00,Sim
208,43,2,2026-05-23 08:00,Sim
209,66,3,2026-04-10 15:00,Sim
210,28,3,2026-03-30 10:00,Sim
211,20,1,2026-05-05 08:00,Sim
212,68,1,2026-05-17 09:00,Sim
213,21,2,2026-04-27 09:00,Nao
214,47,6,2026-05-19 17:00,Sim
215,58,2,2026-04-10 10:00,Sim
216,61,2,2026-04-30 17:00,Sim
217,49,5,2026-03-22 16:00,Sim
218,18,3,2026-04-18 17:00,Sim
219,14,6,2026-04-07 08:00,Nao
220,21,3,2026-04-26 09:00,Nao
221,29,4,2026-04-24 07:00,Nao
222,65,3,2026-03-12 16:00,Sim
223,4,3,2026-03-20 15:00,Sim
224,37,4,2026-04-28 17:00,Sim
225,11,1,2026-03-21 10:00,Sim
226,68,4,2026-04-01 14:00,Sim
227,7,2,2026-03-10 17:00,Sim
228,64,5,2026-05-21 07:00,Sim
229,31,6,2026-04-25 14:00,Nao
230,46,2,2026-03-25 16:00,Sim
231,11,5,2026-05-08 08:00,Sim
232,65,5,2026-05-01 16:00,Nao
233,50,3,2026-04-16 07:00,Sim
234,45,2,2026-03-19 15:00,Nao
235,70,3,2026-05-30 17:00,Sim
236,24,2,2026-03-06 17:00,Sim
237,6,2,2026-04-10 15:00,Sim
238,70,4,2026-05-23 07:00,Nao
239,46,1,2026-03-17 14:00,Sim
240,56,4,2026-04-14 16:00,Sim
241,64,6,2026-05-07 15:00,Sim
242,11,6,2026-04-26 08:00,Sim
243,24,5,2026-03-15 15:00,Nao
244,38,3,2026-03-23 16:00,Sim
245,45,4,2026-05-19 15:00,Sim
246,36,6,2026-05-26 08:00,Sim
247,47,5,2026-03-20 07:00,Sim
248,57,1,2026-04-01 08:00,Sim
249,47,3,2026-05-18 07:00,Nao
250,58,3,2026-03-11 17:00,Sim
251,68,3,2026-05-24 15:00,Sim
252,15,1,2026-05-07 17:00,Sim
253,16,3,2026-03-29 17:00,Sim
254,37,6,2026-03-17 10:00,Sim
255,10,4,2026-03-13 17:00,Sim
256,41,6,2026-05-11 08:00,Sim
257,39,2,2026-05-06 15:00,Sim
258,26,2,2026-03-05 17:00,Sim
259,48,4,2026-05-19 09:00,Sim
260,9,3,2026-05-08 17:00,Sim
261,53,5,2026-04-11 09:00,Sim
262,58,4,2026-03-18 15:00,Sim
263,24,2,2026-03-17 07:00,Sim
264,39,2,2026-05-31 15:00,Sim
265,67,3,2026-03-27 14:00,Sim
266,36,2,2026-05-05 08:00,Sim
267,20,2,2026-05-13 15:00,Nao
268,4,1,2026-05-24 14:00,Sim
269,54,5,2026-05-21 17:00,Sim
270,39,4,2026-04-09 16:00,Sim
271,8,2,2026-05-02 16:00,Sim
272,44,5,2026-04-11 15:00,Sim
273,45,4,2026-05-06 15:00,Sim
274,41,2,2026-04-05 08:00,Nao
275,19,1,2026-04-20 14:00,Sim
276,54,2,2026-05-14 15:00,Sim
277,25,2,2026-05-04 17:00,Sim
278,64,1,2026-05-05 16:00,Sim
279,31,2,2026-03-08 15:00,Nao
280,64,5,2026-05-09 14:00,Nao
281,14,4,2026-04-17 14:00,Sim
282,47,1,2026-05-13 07:00,Sim
283,47,5,2026-04-20 08:00,Sim
284,36,5,2026-03-18 08:00,Sim
285,51,3,2026-03-20 15:00,Sim
286,66,4,2026-03-07 07:00,Nao
287,43,4,2026-03-21 17:00,Sim
288,66,2,2026-03-22 15:00,Sim
289,39,5,2026-05-31 17:00,Sim
290,61,1,2026-05-27 15:00,Sim
291,54,5,2026-05-17 07:00,Sim
292,30,6,2026-03-23 17:00,Sim
293,49,2,2026-05-14 07:00,Sim
294,15,2,2026-04-11 17:00,Sim
295,53,6,2026-05-05 16:00,Sim
296,61,6,2026-05-07 09:00,Sim
297,42,6,2026-04-11 16:00,Sim
298,59,5,2026-05-27 15:00,Sim
299,34,5,2026-04-02 10:00,Sim
300,39,2,2026-05-31 14:00,Sim
301,63,3,2026-05-12 15:00,Sim
302,36,3,2026-04-21 16:00,Sim
303,19,3,2026-03-12 14:00,Sim
304,57,6,2026-03-29 17:00,Sim
305,69,3,2026-03-19 14:00,Sim
306,31,2,2026-05-22 10:00,Sim
307,13,4,2026-03-14 17:00,Sim
308,18,1,2026-04-23 09:00,Sim
309,61,4,2026-04-12 14:00,Sim
310,8,1,2026-05-09 10:00,Sim
311,5,2,2026-03-06 09:00,Sim
312,51,4,2026-03-06 14:00,Nao
313,14,3,2026-05-23 17:00,Sim
314,64,2,2026-04-05 17:00,Sim
315,15,3,2026-05-23 17:00,Sim
316,24,1,2026-05-13 14:00,Sim
317,25,2,2026-04-25 16:00,Sim
318,12,4,2026-03-19 09:00,Sim
319,32,1,2026-04-01 16:00,Sim
320,35,3,2026-04-04 07:00,Sim
