id,paciente_id,exame_id,data_solicitacao
1,31,1,2026-03-17
2,60,3,2026-03-22
3,52,4,2026-05-31
4,40,2,2026-05-22
5,38,3,2026-05-19
6,29,2,2026-03-19
7,62,2,2026-05-18
8,48,1,2026-05-11
9,61,3,2026-05-26
10,28,4,2026-05-28
11,11,4,2026-05-08
12,47,1,2026-05-13
13,15,1,2026-05-11
14,65,2,2026-05-09
15,20,1,2026-05-07
16,57,1,2026-03-28
17,63,1,2026-05-06
18,58,5,2026-04-29
19,17,4,2026-04-29
20,8,5,2026-04-30
21,40,3,2026-04-21
22,33,1,2026-03-29
23,10,1,2026-04-15
24,9,5,2026-03-09
25,9,6,2026-05-01
26,5,2,2026-03-25
27,18,6,2026-05-23
28,54,3,2026-04-19
29,58,5,2026-04-19
30,49,1,2026-05-28
31,70,2,2026-05-24
32,45,1,2026-05-09
33,51,4,2026-03-30
34,1,1,2026-04-09
35,60,6,2026-05-10
36,55,4,2026-03-31
37,32,4,2026-03-21
38,36,2,2026-03-16
39,5,5,2026-04-24
40,3,1,2026-03-10
41,13,1,2026-04-28
42,7,2,2026-03-07
43,52,3,2026-05-10
44,28,4,2026-03-09
45,18,5,2026-04-08
46,30,4,2026-05-14
47,41,4,2026-05-27
48,42,2,2026-03-20
49,67,1,2026-04-09
50,36,1,2026-05-12
51,23,6,2026-05-27
52,55,4,2026-03-08
53,45,6,2026-05-26
54,49,5,2026-04-11
55,54,4,2026-03-21
56,39,3,2026-05-09
57,61,1,2026-03-30
58,39,5,2026-03-20
59,60,1,2026-05-12
60,53,6,2026-05-12
61,68,2,2026-04-02
62,33,2,2026-04-13
63,11,6,2026-04-18
64,12,5,2026-03-26
65,7,3,2026-04-19
66,6,5,2026-03-26
67,28,4,2026-04-13
68,39,6,2026-03-03
69,28,6,2026-03-17
70,62,6,2026-05-30
71,27,1,2026-04-01
72,42,4,2026-04-19
73,60,5,2026-05-24
74,46,3,2026-04-04
75,47,1,2026-05-04
76,60,1,2026-05-01
77,41,6,2026-04-18
78,41,3,2026-05-13
79,29,4,2026-03-04
80,34,5,2026-05-15
81,54,3,2026-03-21
82,26,3,2026-03-31
83,49,5,2026-04-02
84,64,5,2026-05-24
85,44,2,2026-05-03
86,63,4,2026-04-16
87,22,2,2026-05-10
88,63,2,2026-05-10
89,8,5,2026-03-06
90,10,6,2026-05-26
91,7,1,2026-04-23
92,18,6,2026-03-31
93,9,6,2026-03-03
94,28,4,2026-04-18
95,8,5,2026-05-22
96,62,6,2026-03-04
97,1,5,2026-05-11
98,53,1,2026-05-08
99,36,5,2026-04-07
100,3,1,2026-05-30
101,56,2,2026-03-15
102,13,1,2026-04-01
103,25,6,2026-04-03
104,46,3,2026-04-21
105,11,3,2026-04-22
106,59,5,2026-04-02
107,29,2,2026-03-12
108,5,1,2026-04-19
109,49,5,2026-05-01
110,8,6,2026-03-03
111,22,1,2026-04-26
112,43,4,2026-03-14
113,68,6,2026-03-31
114,28,6,2026-05-29
115,61,1,2026-03-11
116,36,5,2026-05-13
117,5,2,2026-04-11
118,3,6,2026-05-16
119,19,6,2026-04-21
120,10,2,2026-05-13
121,31,4,2026-04-20
122,70,3,2026-04-20
123,18,6,2026-03-12
124,65,4,2026-04-15
125,7,1,2026-04-26
126,30,4,2026-04-14
127,51,6,2026-04-12
128,4,4,2026-04-28
129,63,2,2026-05-11
130,49,4,2026-03-25
131,49,1,2026-05-20
132,38,2,2026-03-11
133,11,2,2026-04-19
134,20,3,2026-04-11
135,47,1,2026-03-02
136,40,1,2026-04-05
137,14,1,2026-03-25
138,56,4,2026-05-12
139,66,3,2026-03-05
140,12,3,2026-05-11
141,12,5,2026-05-17
142,42,5,2026-03-03
143,38,4,2026-04-20
144,11,4,2026-05-12
145,32,5,2026-03-23
146,49,2,2026-03-19
147,35,2,2026-05-04
148,19,1,2026-03-23
149,56,3,2026-04-24
150,39,4,2026-03-11
151,47,1,2026-04-02
152,64,5,2026-05-19
153,26,4,2026-03-15
154,18,3,2026-03-02
155,51,2,2026-05-20
156,49,3,2026-04-27
157,43,3,2026-05-24
158,18,3,2026-04-12
159,26,4,2026-04-11
160,23,4,2026-04-11
161,38,6,2026-05-29
162,63,6,2026-04-02
163,42,3,2026-04-21
164,47,1,2026-05-13
165,26,5,2026-05-10
166,24,6,2026-05-11
167,4,6,2026-04-30
168,27,1,2026-04-08
169,9,6,2026-04-23
170,64,2,2026-05-22
171,39,2,2026-05-25
172,20,3,2026-04-19
173,10,3,2026-05-17
174,62,5,2026-05-09
175,65,6,2026-05-29
176,54,5,2026-03-06
177,47,3,2026-05-09
178,11,2,2026-04-02
179,46,2,2026-05-23
180,6,4,2026-05-23
181,52,6,2026-04-13
182,56,1,2026-03-03
183,13,1,2026-05-06
184,67,1,2026-05-29
185,29,3,2026-04-21
186,60,6,2026-05-16
187,65,2,2026-03-05
188,62,1,2026-04-24
189,11,2,2026-03-20
190,45,3,2026-04-29
191,27,1,2026-04-15
192,61,1,2026-05-30
193,58,2,2026-04-09
194,6,5,2026-03-16
195,3,4,2026-05-23
196,14,2,2026-03-23
197,32,5,2026-05-11
198,21,3,2026-05-12
199,55,6,2026-03-31
200,52,4,2026-03-25
201,56,4,2026-03-05
202,26,4,2026-05-16
203,55,3,2026-05-31
204,28,2,2026-05-31
205,9,5,2026-05-09
206,24,3,2026-04-12
207,26,4,2026-03-16
208,34,6,2026-05-03
209,68,6,2026-04-11
210,50,5,2026-04-21
211,15,2,2026-04-29
212,23,6,2026-05-31
213,39,6,2026-05-16
214,11,4,2026-04-11
215,16,2,2026-03-16
216,24,3,2026-05-29
217,19,5,2026-04-20
218,54,5,2026-03-19
219,50,4,2026-03-25
220,63,4,2026-05-29
221,23,5,2026-03-23
222,63,2,2026-03-25
223,41,5,2026-05-20
224,7,3,2026-03-03
225,63,2,2026-04-20
226,65,4,2026-04-23
227,63,3,2026-04-27
228,63,2,2026-05-13
229,4,4,2026-03-30
230,38,1,2026-04-06
231,29,4,2026-03-23
232,59,5,2026-05-04
233,66,2,2026-03-16
234,35,4,2026-04-17
235,70,1,2026-04-27
236,70,2,2026-04-25
237,14,3,2026-05-24
238,32,3,2026-03-06
239,58,2,2026-03-13
240,57,5,2026-03-17
241,31,2,2026-05-16
242,45,6,2026-05-19
243,55,2,2026-03-19
244,27,4,2026-03-09
245,45,5,2026-05-17
246,69,2,2026-05-31
247,38,3,2026-05-14
248,35,6,2026-05-06
249,13,1,2026-04-23
250,8,3,2026-05-24
251,17,4,2026-03-18
252,32,1,2026-04-12
253,32,6,2026-05-27
254,51,4,2026-05-14
255,35,4,2026-04-19
256,58,1,2026-03-13
257,52,4,2026-04-06
258,48,1,2026-05-03
259,42,4,2026-03-13
260,59,6,2026-05-26
