id,nome,data_nascimento,sexo
1,João Pinto,1989-09-07,M
2,Marcos Pinto,2011-01-24,M
3,Alexandre Gomes,2020-12-18,M
4,Bruno Almeida,1960-03-15,M
5,Ricardo Rodrigues,1941-01-28,M
6,Beatriz Martins,1949-08-31,F
7,Antonio Cavalcanti,2004-01-15,M
8,Amanda Nascimento,2005-09-18,F
9,Fernanda Oliveira,1976-11-25,F
10,Tatiane Fernandes,1947-09-08,F
11,Paulo Martins,1956-11-16,M
12,Juliana Alves,1987-02-24,F
13,Isabela Rodrigues,2016-12-11,F
14,Antonio Lima,2014-09-07,M
15,Diego Nascimento,1966-02-25,M
16,Camila Fernandes,1979-09-28,F
17,Monica Cardoso,1937-02-26,F
18,Daniel Barros,2003-04-09,M
19,Rafael Martins,1976-08-28,M
20,Renato Araujo,2017-09-08,M
21,Mateus Araujo,1973-08-30,M
22,Bruno Cardoso,1952-08-11,M
23,André Rocha,1974-02-19,M
24,Patricia Nascimento,2007-09-02,F
25,Natalia Monteiro,1970-03-23,F
26,Bruna Almeida,2007-04-21,F
27,Juliana Moura,2018-11-08,F
28,André Costa,1937-06-21,M
29,Diego Carvalho,1948-05-26,M
30,Helena Castro,2023-01-19,F
31,Renato Campos,1956-09-04,M
32,Fernanda Lima,1969-10-27,F
33,Maria Pinto,1991-04-29,F
34,Fabio Cardoso,2011-02-19,M
35,Simone Barros,1960-03-12,F
36,Marcos Fernandes,2004-04-05,M
37,Daniel Araujo,1963-01-08,M
38,Vitor Fernandes,1985-09-11,M
39,Felipe Campos,1952-12-10,M
40,Paulo Rocha,2016-04-06,M
41,Marcos Freitas,1964-04-10,M
42,Gabriel Ribeiro,1947-06-19,M
43,Vitor Alves,1936-10-13,M
44,Renata Freitas,1941-07-15,F
45,Vanessa Ribeiro,1967-11-16,F
46,Felipe Oliveira,1982-01-02,M
47,Alexandre Almeida,2024-11-26,M
48,Felipe Oliveira,2020-07-17,M
49,Fabio Almeida,1989-02-02,M
50,Aline Alves,2008-03-19,F
51,Beatriz Cavalcanti,1964-06-22,F
52,Carlos Santos,1940-06-16,M
53,Cristina Gomes,1965-12-20,F
54,Pedro Carvalho,1981-11-18,M
55,Bruno Rodrigues,1956-06-03,M
56,Vinicius Costa,1989-05-19,M
57,Igor Cardoso,2015-05-23,M
58,Pedro Barros,1956-01-12,M
59,Vitor Moura,1994-10-16,M
60,Elaine Rocha,1997-06-17,F
61,Rafael Carvalho,2024-06-16,M
62,Yasmin Cavalcanti,1966-08-23,F
63,Monica Pinto,1953-02-15,F
64,Patricia Rodrigues,1987-09-22,F
65,Alexandre Pinto,1955-12-19,M
66,Ana Souza,1950-05-21,F
67,Pedro Ribeiro,2014-10-01,M
68,Daniel Oliveira,1938-09-25,M
69,Fernanda Campos,1952-09-15,F
70,Daniel Oliveira,1971-02-13,M
